

insert into Employee values(' Admin','admin@gmail.com','Hyderabad',9876543211,1,'https://www.m5hosting.com/wp-content/uploads/no-profile-img.gif','password');

SET IDENTITY_INSERT dbo.Employee ON;  
GO  

INSERT INTO [dbo].[Employee] ([Id], [Name], [Email], [Location], [Phone], [DisplayPhone], [ProfilePic], [Password]) VALUES (2, N'Jnani', N'jnani@gmail.com', N'Jnani Home', N'9876543211', 1, 'https://www.m5hosting.com/wp-content/uploads/no-profile-img.gif', N'Admin')
INSERT INTO [dbo].[Employee] ([Id], [Name], [Email], [Location], [Phone], [DisplayPhone], [ProfilePic], [Password]) VALUES (3, N'Ram', N'ram@gmail.com', N'Technovert', N'1234567890', 0, N'https://picsum.photos/id/237/100/100', N'12345678')
INSERT INTO [dbo].[Employee] ([Id], [Name], [Email], [Location], [Phone], [DisplayPhone], [ProfilePic], [Password]) VALUES (4, N'Ravi', N'ravi@gmail.com', N'Keka', N'1234567899', 1, N'https://picsum.photos/id/237/100/100', N'12345678')
INSERT INTO [dbo].[Employee] ([Id], [Name], [Email], [Location], [Phone], [DisplayPhone], [ProfilePic], [Password]) VALUES (5, N'Raju', N'raju@gmail.com', N'Kukatpalli', N'1234567888', 0, N'https://picsum.photos/id/280/100/100', N'12345678')
INSERT INTO [dbo].[Employee] ([Id], [Name], [Email], [Location], [Phone], [DisplayPhone], [ProfilePic], [Password]) VALUES (6, N'Krishna', N'krishna@gmail.com', N'JNTU', N'1234567777', 1, N'https://picsum.photos/id/200/100/100', N'12345678')
SET IDENTITY_INSERT [dbo].[Employee] OFF

SET IDENTITY_INSERT [dbo].[Category] ON
INSERT INTO [dbo].[Category] ([Id], [Name], [Description], [CreatedOn], [IconId], [Status]) VALUES (17, N'Property', N'This category is real estate related.', N'2019-06-20 15:59:54', 0, N'Active')
INSERT INTO [dbo].[Category] ([Id], [Name], [Description], [CreatedOn], [IconId], [Status]) VALUES (18, N'Electronics', N'This category is gadget related. ', N'2019-06-20 16:01:10', 1, N'Active')
INSERT INTO [dbo].[Category] ([Id], [Name], [Description], [CreatedOn], [IconId], [Status]) VALUES (19, N'Books', N'This category is books related. ', N'2019-06-20 16:04:18', 2, N'Active')
INSERT INTO [dbo].[Category] ([Id], [Name], [Description], [CreatedOn], [IconId], [Status]) VALUES (20, N'Vehicle', N'Their category is vehicles related. ', N'2019-06-20 16:05:16', 3, N'Active')
INSERT INTO [dbo].[Category] ([Id], [Name], [Description], [CreatedOn], [IconId], [Status]) VALUES (21, N'Entertainment', N'This category is fun related.', N'2019-06-20 16:07:12', 4, N'Active')
INSERT INTO [dbo].[Category] ([Id], [Name], [Description], [CreatedOn], [IconId], [Status]) VALUES (27, N'hey', N'hey back', N'2019-06-25 11:56:19', 2, N'Removed')
INSERT INTO [dbo].[Category] ([Id], [Name], [Description], [CreatedOn], [IconId], [Status]) VALUES (28, N'gshsvsvsh', N'sgshsg', N'2019-06-25 12:03:23', 4, N'Removed')
INSERT INTO [dbo].[Category] ([Id], [Name], [Description], [CreatedOn], [IconId], [Status]) VALUES (29, N'something', N'something', N'2019-06-25 12:06:55', 3, N'Removed')
INSERT INTO [dbo].[Category] ([Id], [Name], [Description], [CreatedOn], [IconId], [Status]) VALUES (30, N'hbjjjk', N'jhbjij', N'2019-06-25 16:52:10', 2, N'Removed')
INSERT INTO [dbo].[Category] ([Id], [Name], [Description], [CreatedOn], [IconId], [Status]) VALUES (31, N'gshszgx', N'dgkxgkx', N'2019-06-25 18:17:22', 5, N'Removed')
INSERT INTO [dbo].[Category] ([Id], [Name], [Description], [CreatedOn], [IconId], [Status]) VALUES (32, N'hsssvs', N'hshsvwh', N'2019-06-25 18:17:43', 6, N'Removed')
INSERT INTO [dbo].[Category] ([Id], [Name], [Description], [CreatedOn], [IconId], [Status]) VALUES (33, N'Testing', N'This category is real estate related.', N'2019-06-20 15:59:54', 0, NULL)
INSERT INTO [dbo].[Category] ([Id], [Name], [Description], [CreatedOn], [IconId], [Status]) VALUES (34, N'Testing', N'This category is real estate related.', N'2019-06-20 15:59:54', 0, N'Removed')
INSERT INTO [dbo].[Category] ([Id], [Name], [Description], [CreatedOn], [IconId], [Status]) VALUES (35, N'trailing', N'This category is fun related. ', N'2019-06-20 16:07:12', 4, NULL)
INSERT INTO [dbo].[Category] ([Id], [Name], [Description], [CreatedOn], [IconId], [Status]) VALUES (36, N'tra', N'This category is fun related. ', N'2019-06-20 16:07:12', 4, N'Removed')
INSERT INTO [dbo].[Category] ([Id], [Name], [Description], [CreatedOn], [IconId], [Status]) VALUES (37, N'ggvvb', N'jhjjk', N'2019-06-26 16:38:39', 3, N'Removed')
INSERT INTO [dbo].[Category] ([Id], [Name], [Description], [CreatedOn], [IconId], [Status]) VALUES (38, N'fgh', N'fghj', N'2019-06-29 18:12:26', 4, N'Removed')
SET IDENTITY_INSERT [dbo].[Category] OFF

SET IDENTITY_INSERT [dbo].[Advertisement] ON
INSERT INTO [dbo].[Advertisement] ([Id], [EmployeeId], [SellingType], [CategoryId], [Expiry], [PostedOn], [Status]) VALUES (29, 4, N'Sale', 18, 30, N'2019-06-29 14:32:12', N'Active')
INSERT INTO [dbo].[Advertisement] ([Id], [EmployeeId], [SellingType], [CategoryId], [Expiry], [PostedOn], [Status]) VALUES (30, 4, N'Rent', 17, 10, N'2019-06-29 14:32:01', N'Removed by You')
INSERT INTO [dbo].[Advertisement] ([Id], [EmployeeId], [SellingType], [CategoryId], [Expiry], [PostedOn], [Status]) VALUES (31, 4, N'Sale', 19, 30, N'2019-06-29 18:00:39', N'Removed by You')
INSERT INTO [dbo].[Advertisement] ([Id], [EmployeeId], [SellingType], [CategoryId], [Expiry], [PostedOn], [Status]) VALUES (32, 4, N'Sale', 17, 13, N'2019-06-21 15:58:40', N'Removed by You')
INSERT INTO [dbo].[Advertisement] ([Id], [EmployeeId], [SellingType], [CategoryId], [Expiry], [PostedOn], [Status]) VALUES (33, 4, N'Sale', 19, 50, N'2019-06-21 15:58:40', N'Removed by Admin')
INSERT INTO [dbo].[Advertisement] ([Id], [EmployeeId], [SellingType], [CategoryId], [Expiry], [PostedOn], [Status]) VALUES (34, 4, N'Sale', 20, 25, N'2019-06-21 16:49:11', N'Active')
INSERT INTO [dbo].[Advertisement] ([Id], [EmployeeId], [SellingType], [CategoryId], [Expiry], [PostedOn], [Status]) VALUES (41, 4, N'Required', 19, 10, N'2019-06-28 15:22:51', N'Active')
INSERT INTO [dbo].[Advertisement] ([Id], [EmployeeId], [SellingType], [CategoryId], [Expiry], [PostedOn], [Status]) VALUES (42, 4, N'Required', 19, 10, N'2019-06-28 15:23:28', N'Active')
INSERT INTO [dbo].[Advertisement] ([Id], [EmployeeId], [SellingType], [CategoryId], [Expiry], [PostedOn], [Status]) VALUES (43, 4, N'Rent', 19, 10, N'2019-06-24 12:16:53', N'Active')
INSERT INTO [dbo].[Advertisement] ([Id], [EmployeeId], [SellingType], [CategoryId], [Expiry], [PostedOn], [Status]) VALUES (44, 4, N'Required', 20, 10, N'2019-06-29 18:02:58', N'Active')
INSERT INTO [dbo].[Advertisement] ([Id], [EmployeeId], [SellingType], [CategoryId], [Expiry], [PostedOn], [Status]) VALUES (45, 4, N'Required', 21, 8, N'2019-06-26 17:51:11', N'Active')
INSERT INTO [dbo].[Advertisement] ([Id], [EmployeeId], [SellingType], [CategoryId], [Expiry], [PostedOn], [Status]) VALUES (46, 4, N'Rent', 18, 10, N'2019-06-26 18:09:04', N'Active')
INSERT INTO [dbo].[Advertisement] ([Id], [EmployeeId], [SellingType], [CategoryId], [Expiry], [PostedOn], [Status]) VALUES (47, 4, N'Required', 17, 10, N'2019-06-27 13:28:57', N'Active')
INSERT INTO [dbo].[Advertisement] ([Id], [EmployeeId], [SellingType], [CategoryId], [Expiry], [PostedOn], [Status]) VALUES (48, 4, N'Required', 18, 30, N'2019-06-29 18:11:11', N'Active')
SET IDENTITY_INSERT [dbo].[Advertisement] OFF

SET IDENTITY_INSERT [dbo].[AdvertisementDetails] ON
INSERT INTO [dbo].[AdvertisementDetails] ([Id], [AdvertisementId], [FieldName], [Value]) VALUES (74, 29, N'Price', N'123456')
INSERT INTO [dbo].[AdvertisementDetails] ([Id], [AdvertisementId], [FieldName], [Value]) VALUES (75, 29, N'Ad Title', N'A mobile phone')
INSERT INTO [dbo].[AdvertisementDetails] ([Id], [AdvertisementId], [FieldName], [Value]) VALUES (76, 29, N'Description', N'This is a mobile phone as described by it''s description.')
INSERT INTO [dbo].[AdvertisementDetails] ([Id], [AdvertisementId], [FieldName], [Value]) VALUES (77, 30, N'Price', N'25000')
INSERT INTO [dbo].[AdvertisementDetails] ([Id], [AdvertisementId], [FieldName], [Value]) VALUES (78, 30, N'Ad Title', N'Technovert')
INSERT INTO [dbo].[AdvertisementDetails] ([Id], [AdvertisementId], [FieldName], [Value]) VALUES (79, 30, N'Description', N'This building is for rent and the cost above is per month basis.')
INSERT INTO [dbo].[AdvertisementDetails] ([Id], [AdvertisementId], [FieldName], [Value]) VALUES (80, 31, N'Price', N'50')
INSERT INTO [dbo].[AdvertisementDetails] ([Id], [AdvertisementId], [FieldName], [Value]) VALUES (81, 31, N'Title', N'Engineering Maths')
INSERT INTO [dbo].[AdvertisementDetails] ([Id], [AdvertisementId], [FieldName], [Value]) VALUES (82, 31, N'Author', N'The Author')
INSERT INTO [dbo].[AdvertisementDetails] ([Id], [AdvertisementId], [FieldName], [Value]) VALUES (83, 31, N'Description', N'This is the heaviest book of engineering.')
INSERT INTO [dbo].[AdvertisementDetails] ([Id], [AdvertisementId], [FieldName], [Value]) VALUES (84, 33, N'Price', N'123')
INSERT INTO [dbo].[AdvertisementDetails] ([Id], [AdvertisementId], [FieldName], [Value]) VALUES (85, 33, N'Title', N'Book')
INSERT INTO [dbo].[AdvertisementDetails] ([Id], [AdvertisementId], [FieldName], [Value]) VALUES (86, 33, N'Author', N'No One')
INSERT INTO [dbo].[AdvertisementDetails] ([Id], [AdvertisementId], [FieldName], [Value]) VALUES (87, 33, N'Description', N'This is a book')
INSERT INTO [dbo].[AdvertisementDetails] ([Id], [AdvertisementId], [FieldName], [Value]) VALUES (88, 34, N'Price', N'125000')
INSERT INTO [dbo].[AdvertisementDetails] ([Id], [AdvertisementId], [FieldName], [Value]) VALUES (89, 34, N'Title', N'Yamaha')
INSERT INTO [dbo].[AdvertisementDetails] ([Id], [AdvertisementId], [FieldName], [Value]) VALUES (90, 34, N'Description', N'Yamaha Bike')
INSERT INTO [dbo].[AdvertisementDetails] ([Id], [AdvertisementId], [FieldName], [Value]) VALUES (98, 41, N'Price', N'1250')
INSERT INTO [dbo].[AdvertisementDetails] ([Id], [AdvertisementId], [FieldName], [Value]) VALUES (99, 41, N'Title', N'A book')
INSERT INTO [dbo].[AdvertisementDetails] ([Id], [AdvertisementId], [FieldName], [Value]) VALUES (100, 41, N'Author', N'The Author')
INSERT INTO [dbo].[AdvertisementDetails] ([Id], [AdvertisementId], [FieldName], [Value]) VALUES (101, 41, N'Description', N'The second problem is when you tap on a text field and the keyboard pops up, the FAB moves up as well, and stays there even when you close the keyboard, as seThe second problem is when you tap on a text field and the keyboard pops up, the FAB moves')
INSERT INTO [dbo].[AdvertisementDetails] ([Id], [AdvertisementId], [FieldName], [Value]) VALUES (102, 42, N'Price', N'1250')
INSERT INTO [dbo].[AdvertisementDetails] ([Id], [AdvertisementId], [FieldName], [Value]) VALUES (103, 42, N'title', N'A boom')
INSERT INTO [dbo].[AdvertisementDetails] ([Id], [AdvertisementId], [FieldName], [Value]) VALUES (104, 42, N'Author', N'The Author')
INSERT INTO [dbo].[AdvertisementDetails] ([Id], [AdvertisementId], [FieldName], [Value]) VALUES (105, 42, N'Description', N'description')
INSERT INTO [dbo].[AdvertisementDetails] ([Id], [AdvertisementId], [FieldName], [Value]) VALUES (106, 43, N'Price', N'400')
INSERT INTO [dbo].[AdvertisementDetails] ([Id], [AdvertisementId], [FieldName], [Value]) VALUES (107, 43, N'Title', N'Speed Mathematics')
INSERT INTO [dbo].[AdvertisementDetails] ([Id], [AdvertisementId], [FieldName], [Value]) VALUES (108, 43, N'Author', N'The Author')
INSERT INTO [dbo].[AdvertisementDetails] ([Id], [AdvertisementId], [FieldName], [Value]) VALUES (109, 43, N'Description', N'The second problem is when you tap on a text field and the keyboard pops up, the FAB moves up as well, and stays there even when you close the keyboard, as seThe second problem is when you tap on a text field and the keyboard pops up, the FAB moves')
INSERT INTO [dbo].[AdvertisementDetails] ([Id], [AdvertisementId], [FieldName], [Value]) VALUES (110, 44, N'Price', N'200000')
INSERT INTO [dbo].[AdvertisementDetails] ([Id], [AdvertisementId], [FieldName], [Value]) VALUES (111, 44, N'Ad Title', N'Pulsar 200 NS')
INSERT INTO [dbo].[AdvertisementDetails] ([Id], [AdvertisementId], [FieldName], [Value]) VALUES (112, 44, N'Description', N'This is a good bike.')
INSERT INTO [dbo].[AdvertisementDetails] ([Id], [AdvertisementId], [FieldName], [Value]) VALUES (113, 45, N'Price', N'1500')
INSERT INTO [dbo].[AdvertisementDetails] ([Id], [AdvertisementId], [FieldName], [Value]) VALUES (114, 45, N'Title', N'Headphones')
INSERT INTO [dbo].[AdvertisementDetails] ([Id], [AdvertisementId], [FieldName], [Value]) VALUES (115, 45, N'Description', N'Very badly need headphones.')
INSERT INTO [dbo].[AdvertisementDetails] ([Id], [AdvertisementId], [FieldName], [Value]) VALUES (116, 32, N'Title', N'This is Title')
INSERT INTO [dbo].[AdvertisementDetails] ([Id], [AdvertisementId], [FieldName], [Value]) VALUES (117, 46, N'Price', N'50000')
INSERT INTO [dbo].[AdvertisementDetails] ([Id], [AdvertisementId], [FieldName], [Value]) VALUES (118, 46, N'Ad Title', N'Humari P30 pro')
INSERT INTO [dbo].[AdvertisementDetails] ([Id], [AdvertisementId], [FieldName], [Value]) VALUES (119, 46, N'Description', N'This is good camera phone. ')
INSERT INTO [dbo].[AdvertisementDetails] ([Id], [AdvertisementId], [FieldName], [Value]) VALUES (120, 47, N'Price', N'50000')
INSERT INTO [dbo].[AdvertisementDetails] ([Id], [AdvertisementId], [FieldName], [Value]) VALUES (121, 47, N'Ad Title', N'Keka')
INSERT INTO [dbo].[AdvertisementDetails] ([Id], [AdvertisementId], [FieldName], [Value]) VALUES (122, 47, N'Description', N'Floor for rent. ')
INSERT INTO [dbo].[AdvertisementDetails] ([Id], [AdvertisementId], [FieldName], [Value]) VALUES (123, 48, N'Price', N'125789')
INSERT INTO [dbo].[AdvertisementDetails] ([Id], [AdvertisementId], [FieldName], [Value]) VALUES (124, 48, N'Ad Title', N'jclhxlhc')
INSERT INTO [dbo].[AdvertisementDetails] ([Id], [AdvertisementId], [FieldName], [Value]) VALUES (125, 48, N'Description', N'Xlhxlhxyo.')
SET IDENTITY_INSERT [dbo].[AdvertisementDetails] OFF

SET IDENTITY_INSERT [dbo].[Fields] ON
INSERT INTO [dbo].[Fields] ([Id], [CategoryId], [Name], [Datatype], [Mandatory], [Position]) VALUES (34, 17, N'Price', N'Number', 1, 1)
INSERT INTO [dbo].[Fields] ([Id], [CategoryId], [Name], [Datatype], [Mandatory], [Position]) VALUES (35, 17, N'Ad Title', N'Text', 1, 2)
INSERT INTO [dbo].[Fields] ([Id], [CategoryId], [Name], [Datatype], [Mandatory], [Position]) VALUES (36, 17, N'Description', N'Text', 1, 3)
INSERT INTO [dbo].[Fields] ([Id], [CategoryId], [Name], [Datatype], [Mandatory], [Position]) VALUES (37, 18, N'Price', N'Number', 1, 1)
INSERT INTO [dbo].[Fields] ([Id], [CategoryId], [Name], [Datatype], [Mandatory], [Position]) VALUES (38, 18, N'Ad Title', N'Text', 1, 2)
INSERT INTO [dbo].[Fields] ([Id], [CategoryId], [Name], [Datatype], [Mandatory], [Position]) VALUES (39, 18, N'Description', N'Text', 1, 3)
INSERT INTO [dbo].[Fields] ([Id], [CategoryId], [Name], [Datatype], [Mandatory], [Position]) VALUES (40, 19, N'Price', N'Number', 1, 1)
INSERT INTO [dbo].[Fields] ([Id], [CategoryId], [Name], [Datatype], [Mandatory], [Position]) VALUES (41, 19, N'Title', N'Text', 1, 2)
INSERT INTO [dbo].[Fields] ([Id], [CategoryId], [Name], [Datatype], [Mandatory], [Position]) VALUES (42, 19, N'Author', N'Text', 1, 3)
INSERT INTO [dbo].[Fields] ([Id], [CategoryId], [Name], [Datatype], [Mandatory], [Position]) VALUES (43, 19, N'Description', N'Text', 0, 4)
INSERT INTO [dbo].[Fields] ([Id], [CategoryId], [Name], [Datatype], [Mandatory], [Position]) VALUES (44, 20, N'Price', N'Number', 1, 1)
INSERT INTO [dbo].[Fields] ([Id], [CategoryId], [Name], [Datatype], [Mandatory], [Position]) VALUES (45, 20, N'Ad Title', N'Text', 1, 2)
INSERT INTO [dbo].[Fields] ([Id], [CategoryId], [Name], [Datatype], [Mandatory], [Position]) VALUES (46, 20, N'Description', N'Text', 1, 3)
INSERT INTO [dbo].[Fields] ([Id], [CategoryId], [Name], [Datatype], [Mandatory], [Position]) VALUES (47, 21, N'Price', N'Number', 1, 1)
INSERT INTO [dbo].[Fields] ([Id], [CategoryId], [Name], [Datatype], [Mandatory], [Position]) VALUES (48, 21, N'Title', N'Text', 1, 2)
INSERT INTO [dbo].[Fields] ([Id], [CategoryId], [Name], [Datatype], [Mandatory], [Position]) VALUES (49, 21, N'Description', N'Text', 1, 3)
INSERT INTO [dbo].[Fields] ([Id], [CategoryId], [Name], [Datatype], [Mandatory], [Position]) VALUES (58, 27, N'yoydiyd', N'Text', 1, 1)
INSERT INTO [dbo].[Fields] ([Id], [CategoryId], [Name], [Datatype], [Mandatory], [Position]) VALUES (59, 28, N'gsshdvdv', N'Text', 0, 1)
INSERT INTO [dbo].[Fields] ([Id], [CategoryId], [Name], [Datatype], [Mandatory], [Position]) VALUES (60, 29, N'Name', N'Text', 1, 1)
INSERT INTO [dbo].[Fields] ([Id], [CategoryId], [Name], [Datatype], [Mandatory], [Position]) VALUES (61, 30, N'hhniiu', N'Text', 0, 1)
INSERT INTO [dbo].[Fields] ([Id], [CategoryId], [Name], [Datatype], [Mandatory], [Position]) VALUES (62, 31, N'hello', N'Text', 1, 1)
INSERT INTO [dbo].[Fields] ([Id], [CategoryId], [Name], [Datatype], [Mandatory], [Position]) VALUES (63, 32, N'ha hshhshh', N'Text', 0, 1)
INSERT INTO [dbo].[Fields] ([Id], [CategoryId], [Name], [Datatype], [Mandatory], [Position]) VALUES (64, 33, N'Price', N'Number', 1, 1)
INSERT INTO [dbo].[Fields] ([Id], [CategoryId], [Name], [Datatype], [Mandatory], [Position]) VALUES (65, 33, N'Ad Title', N'Text', 1, 2)
INSERT INTO [dbo].[Fields] ([Id], [CategoryId], [Name], [Datatype], [Mandatory], [Position]) VALUES (66, 33, N'Description', N'Text', 1, 3)
INSERT INTO [dbo].[Fields] ([Id], [CategoryId], [Name], [Datatype], [Mandatory], [Position]) VALUES (67, 34, N'Price', N'Number', 1, 1)
INSERT INTO [dbo].[Fields] ([Id], [CategoryId], [Name], [Datatype], [Mandatory], [Position]) VALUES (68, 34, N'Ad Title', N'Text', 1, 2)
INSERT INTO [dbo].[Fields] ([Id], [CategoryId], [Name], [Datatype], [Mandatory], [Position]) VALUES (69, 34, N'Description', N'Text', 1, 3)
INSERT INTO [dbo].[Fields] ([Id], [CategoryId], [Name], [Datatype], [Mandatory], [Position]) VALUES (70, 35, N'Price', N'Number', 1, 1)
INSERT INTO [dbo].[Fields] ([Id], [CategoryId], [Name], [Datatype], [Mandatory], [Position]) VALUES (71, 35, N'Title', N'Text', 1, 2)
INSERT INTO [dbo].[Fields] ([Id], [CategoryId], [Name], [Datatype], [Mandatory], [Position]) VALUES (72, 35, N'Description', N'Text', 1, 3)
INSERT INTO [dbo].[Fields] ([Id], [CategoryId], [Name], [Datatype], [Mandatory], [Position]) VALUES (73, 36, N'Price', N'Number', 1, 1)
INSERT INTO [dbo].[Fields] ([Id], [CategoryId], [Name], [Datatype], [Mandatory], [Position]) VALUES (74, 36, N'Title', N'Text', 1, 2)
INSERT INTO [dbo].[Fields] ([Id], [CategoryId], [Name], [Datatype], [Mandatory], [Position]) VALUES (75, 36, N'Description', N'Text', 1, 3)
INSERT INTO [dbo].[Fields] ([Id], [CategoryId], [Name], [Datatype], [Mandatory], [Position]) VALUES (76, 37, N'n vjvj', N'Text', 0, 1)
INSERT INTO [dbo].[Fields] ([Id], [CategoryId], [Name], [Datatype], [Mandatory], [Position]) VALUES (77, 38, N'ghj', N'Text', 1, 1)
SET IDENTITY_INSERT [dbo].[Fields] OFF

SET IDENTITY_INSERT [dbo].[AdminMessage] ON
INSERT INTO [dbo].[AdminMessage] ([Id], [AdvertisementId], [Message]) VALUES (1, 29, N'The request could not be understood by the server due to malformed syntax. The client SHOULD NOT repeat the request without modifications.')
INSERT INTO [dbo].[AdminMessage] ([Id], [AdvertisementId], [Message]) VALUES (9, 33, N'Provided Ad is not suitable for our portal. Think twice before you post an AD in out Classified Portal')
INSERT INTO [dbo].[AdminMessage] ([Id], [AdvertisementId], [Message]) VALUES (10, 44, N'Provided Ad is not suitable for our portal. Think twice before you post an AD in out Classified Portal')
SET IDENTITY_INSERT [dbo].[AdminMessage] OFF

SET IDENTITY_INSERT [dbo].[Images] ON
INSERT INTO [dbo].[Images] ([Id], [AdvertisementId], [Image]) VALUES (44, 29, N'https://i.gadgets360cdn.com/large/redmi_note_7_pro_neptune_blue_1560887630085.jpg?output-quality=80&output-format=webp')
INSERT INTO [dbo].[Images] ([Id], [AdvertisementId], [Image]) VALUES (45, 29, N'https://cdn2.gsmarena.com/vv/pics/xiaomi/xiaomi-redmi-note-7-pro-2.jpg')
INSERT INTO [dbo].[Images] ([Id], [AdvertisementId], [Image]) VALUES (46, 30, N'https://www.vidteq.com/hyderabad/jpg/vd/vdhhvTCOIMCTCTIPETTPT.jpg')
INSERT INTO [dbo].[Images] ([Id], [AdvertisementId], [Image]) VALUES (47, 30, N'https://www.vidteq.com/hyderabad/jpg/ih/ihveoECOVTQICCIDEICVP.jpg')
INSERT INTO [dbo].[Images] ([Id], [AdvertisementId], [Image]) VALUES (48, 33, N'http://hostalion.ro/img/no-image.png')
INSERT INTO [dbo].[Images] ([Id], [AdvertisementId], [Image]) VALUES (49, 34, N'https://imagestechnovert.blob.core.windows.net/classifiedimages/f2cf6712-416a-47b1-b17f-42ea455efb69.jpg')
INSERT INTO [dbo].[Images] ([Id], [AdvertisementId], [Image]) VALUES (50, 34, N'https://imagestechnovert.blob.core.windows.net/classifiedimages/d1a3bc46-08d7-4417-acd2-94c0a6fc53f7.jpg')
INSERT INTO [dbo].[Images] ([Id], [AdvertisementId], [Image]) VALUES (51, 34, N'https://imagestechnovert.blob.core.windows.net/classifiedimages/9b859d57-6c3e-4dcc-9998-f1359548be15.jpg')
INSERT INTO [dbo].[Images] ([Id], [AdvertisementId], [Image]) VALUES (52, 34, N'https://imagestechnovert.blob.core.windows.net/classifiedimages/6b9dd1db-74ee-409c-a7b3-2b3d520bdc85.jpg')
INSERT INTO [dbo].[Images] ([Id], [AdvertisementId], [Image]) VALUES (56, 41, N'https://cdn2.gsmarena.com/vv/pics/xiaomi/xiaomi-redmi-note-7-pro-2.jpg')
INSERT INTO [dbo].[Images] ([Id], [AdvertisementId], [Image]) VALUES (57, 42, N'https://imagestechnovert.blob.core.windows.net/classifiedimages/9b859d57-6c3e-4dcc-9998-f1359548be15.jpg')
INSERT INTO [dbo].[Images] ([Id], [AdvertisementId], [Image]) VALUES (58, 43, N'https://imagestechnovert.blob.core.windows.net/classifiedimages/0f870a5e-24a8-4bb0-8e6b-b8c0446f82d3.jpg')
INSERT INTO [dbo].[Images] ([Id], [AdvertisementId], [Image]) VALUES (59, 44, N'https://imagestechnovert.blob.core.windows.net/classifiedimages/9b859d57-6c3e-4dcc-9998-f1359548be15.jpg')
INSERT INTO [dbo].[Images] ([Id], [AdvertisementId], [Image]) VALUES (60, 45, N'https://imagestechnovert.blob.core.windows.net/classifiedimages/fb4deda5-4642-43c1-b5b0-a8373823db2f.jpg')
INSERT INTO [dbo].[Images] ([Id], [AdvertisementId], [Image]) VALUES (62, 32, N'http://hostalion.ro/img/no-image.png')
INSERT INTO [dbo].[Images] ([Id], [AdvertisementId], [Image]) VALUES (63, 31, N'https://images-na.ssl-images-amazon.com/images/I/61AnHkiZtzL.jpg')
INSERT INTO [dbo].[Images] ([Id], [AdvertisementId], [Image]) VALUES (64, 46, N'https://imagestechnovert.blob.core.windows.net/classifiedimages/aad63cf0-1547-41dc-acb5-a4b6e207b29e.jpg')
INSERT INTO [dbo].[Images] ([Id], [AdvertisementId], [Image]) VALUES (65, 47, N'https://i.gadgets360cdn.com/large/redmi_note_7_pro_neptune_blue_1560887630085.jpg?output-quality=80&output-format=webp')
INSERT INTO [dbo].[Images] ([Id], [AdvertisementId], [Image]) VALUES (66, 48, NULL)
SET IDENTITY_INSERT [dbo].[Images] OFF

SET IDENTITY_INSERT [dbo].[Comments] ON
INSERT INTO [dbo].[Comments] ([Id], [EmployeeId], [AdvertisementId], [Comment], [Time]) VALUES (3, 3, 29, N'How old is this Phone', N'2019-06-21 12:30:12')
INSERT INTO [dbo].[Comments] ([Id], [EmployeeId], [AdvertisementId], [Comment], [Time]) VALUES (4, 4, 29, N'I bought this phone one month back', N'2019-06-21 12:32:36')
INSERT INTO [dbo].[Comments] ([Id], [EmployeeId], [AdvertisementId], [Comment], [Time]) VALUES (5, 4, 34, N'This is for testing', N'2019-06-21 19:00:36')
INSERT INTO [dbo].[Comments] ([Id], [EmployeeId], [AdvertisementId], [Comment], [Time]) VALUES (6, 4, 34, N'Avengers Assemble', N'2019-06-21 19:02:12')
INSERT INTO [dbo].[Comments] ([Id], [EmployeeId], [AdvertisementId], [Comment], [Time]) VALUES (7, 4, 34, N'Jai Hulk', N'2019-06-21 19:04:08')
INSERT INTO [dbo].[Comments] ([Id], [EmployeeId], [AdvertisementId], [Comment], [Time]) VALUES (8, 4, 34, N'Tony ??', N'2019-06-21 19:06:40')
INSERT INTO [dbo].[Comments] ([Id], [EmployeeId], [AdvertisementId], [Comment], [Time]) VALUES (9, 4, 30, N'this is common', N'2019-06-21 20:10:52')
INSERT INTO [dbo].[Comments] ([Id], [EmployeeId], [AdvertisementId], [Comment], [Time]) VALUES (10, 4, 30, N'hiii', N'2019-06-21 20:11:27')
INSERT INTO [dbo].[Comments] ([Id], [EmployeeId], [AdvertisementId], [Comment], [Time]) VALUES (11, 4, 31, N'what a book', N'2019-06-24 13:46:52')
INSERT INTO [dbo].[Comments] ([Id], [EmployeeId], [AdvertisementId], [Comment], [Time]) VALUES (12, 4, 43, N'Hey there', N'2019-06-24 15:31:53')
INSERT INTO [dbo].[Comments] ([Id], [EmployeeId], [AdvertisementId], [Comment], [Time]) VALUES (13, 4, 31, N'where is the image', N'2019-06-24 15:37:10')
INSERT INTO [dbo].[Comments] ([Id], [EmployeeId], [AdvertisementId], [Comment], [Time]) VALUES (14, 4, 31, N'hello....', N'2019-06-24 15:37:36')
INSERT INTO [dbo].[Comments] ([Id], [EmployeeId], [AdvertisementId], [Comment], [Time]) VALUES (15, 4, 43, N'Rey babai', N'2019-06-24 15:42:11')
INSERT INTO [dbo].[Comments] ([Id], [EmployeeId], [AdvertisementId], [Comment], [Time]) VALUES (16, 4, 43, N'What a quotation.', N'2019-06-24 15:44:57')
INSERT INTO [dbo].[Comments] ([Id], [EmployeeId], [AdvertisementId], [Comment], [Time]) VALUES (17, 4, 31, N'In how many times did you clear M1', N'2019-06-24 15:45:50')
INSERT INTO [dbo].[Comments] ([Id], [EmployeeId], [AdvertisementId], [Comment], [Time]) VALUES (18, 4, 41, N'hello', N'2019-06-24 15:46:42')
INSERT INTO [dbo].[Comments] ([Id], [EmployeeId], [AdvertisementId], [Comment], [Time]) VALUES (19, 4, 41, N'hi', N'2019-06-24 15:47:54')
INSERT INTO [dbo].[Comments] ([Id], [EmployeeId], [AdvertisementId], [Comment], [Time]) VALUES (20, 4, 30, N'Will you sell this building.', N'2019-06-24 16:10:15')
INSERT INTO [dbo].[Comments] ([Id], [EmployeeId], [AdvertisementId], [Comment], [Time]) VALUES (21, 4, 30, N'or rent it?', N'2019-06-24 16:13:48')
INSERT INTO [dbo].[Comments] ([Id], [EmployeeId], [AdvertisementId], [Comment], [Time]) VALUES (22, 4, 29, N'Don''t talk', N'2019-06-24 16:26:37')
INSERT INTO [dbo].[Comments] ([Id], [EmployeeId], [AdvertisementId], [Comment], [Time]) VALUES (23, 4, 45, N'what brand', N'2019-06-24 17:05:44')
INSERT INTO [dbo].[Comments] ([Id], [EmployeeId], [AdvertisementId], [Comment], [Time]) VALUES (24, 4, 44, N'where are the images', N'2019-06-24 18:12:56')
INSERT INTO [dbo].[Comments] ([Id], [EmployeeId], [AdvertisementId], [Comment], [Time]) VALUES (25, 4, 44, N'', N'2019-06-24 18:12:58')
INSERT INTO [dbo].[Comments] ([Id], [EmployeeId], [AdvertisementId], [Comment], [Time]) VALUES (26, 4, 34, N'', N'2019-06-24 18:48:59')
INSERT INTO [dbo].[Comments] ([Id], [EmployeeId], [AdvertisementId], [Comment], [Time]) VALUES (27, 4, 34, N'', N'2019-06-24 18:49:09')
INSERT INTO [dbo].[Comments] ([Id], [EmployeeId], [AdvertisementId], [Comment], [Time]) VALUES (28, 4, 34, N'', N'2019-06-24 18:49:11')
INSERT INTO [dbo].[Comments] ([Id], [EmployeeId], [AdvertisementId], [Comment], [Time]) VALUES (29, 4, 34, N'', N'2019-06-24 18:49:13')
INSERT INTO [dbo].[Comments] ([Id], [EmployeeId], [AdvertisementId], [Comment], [Time]) VALUES (30, 4, 34, N'', N'2019-06-24 18:49:14')
INSERT INTO [dbo].[Comments] ([Id], [EmployeeId], [AdvertisementId], [Comment], [Time]) VALUES (31, 4, 30, N'', N'2019-06-24 18:49:53')
INSERT INTO [dbo].[Comments] ([Id], [EmployeeId], [AdvertisementId], [Comment], [Time]) VALUES (32, 4, 33, N'', N'2019-06-24 18:50:11')
INSERT INTO [dbo].[Comments] ([Id], [EmployeeId], [AdvertisementId], [Comment], [Time]) VALUES (33, 4, 33, N'', N'2019-06-24 18:50:12')
INSERT INTO [dbo].[Comments] ([Id], [EmployeeId], [AdvertisementId], [Comment], [Time]) VALUES (34, 4, 33, N'', N'2019-06-24 18:50:16')
INSERT INTO [dbo].[Comments] ([Id], [EmployeeId], [AdvertisementId], [Comment], [Time]) VALUES (35, 4, 33, N'', N'2019-06-24 18:50:17')
INSERT INTO [dbo].[Comments] ([Id], [EmployeeId], [AdvertisementId], [Comment], [Time]) VALUES (36, 4, 33, N'', N'2019-06-24 18:50:18')
INSERT INTO [dbo].[Comments] ([Id], [EmployeeId], [AdvertisementId], [Comment], [Time]) VALUES (37, 4, 33, N'', N'2019-06-24 18:50:18')
INSERT INTO [dbo].[Comments] ([Id], [EmployeeId], [AdvertisementId], [Comment], [Time]) VALUES (38, 4, 33, N'', N'2019-06-24 18:50:19')
INSERT INTO [dbo].[Comments] ([Id], [EmployeeId], [AdvertisementId], [Comment], [Time]) VALUES (39, 4, 33, N'', N'2019-06-24 18:50:21')
INSERT INTO [dbo].[Comments] ([Id], [EmployeeId], [AdvertisementId], [Comment], [Time]) VALUES (40, 4, 33, N'', N'2019-06-24 18:50:22')
INSERT INTO [dbo].[Comments] ([Id], [EmployeeId], [AdvertisementId], [Comment], [Time]) VALUES (41, 4, 43, N'hcgchc', N'2019-06-26 16:11:59')
INSERT INTO [dbo].[Comments] ([Id], [EmployeeId], [AdvertisementId], [Comment], [Time]) VALUES (42, 4, 31, N'only once', N'2019-06-26 17:31:05')
INSERT INTO [dbo].[Comments] ([Id], [EmployeeId], [AdvertisementId], [Comment], [Time]) VALUES (43, 4, 31, N'hi ra', N'2019-06-26 17:42:27')
INSERT INTO [dbo].[Comments] ([Id], [EmployeeId], [AdvertisementId], [Comment], [Time]) VALUES (44, 4, 30, N'rgdhgeg', N'2019-06-26 17:44:54')
INSERT INTO [dbo].[Comments] ([Id], [EmployeeId], [AdvertisementId], [Comment], [Time]) VALUES (45, 4, 43, N'ah pic entra', N'2019-06-26 17:48:21')
INSERT INTO [dbo].[Comments] ([Id], [EmployeeId], [AdvertisementId], [Comment], [Time]) VALUES (46, 4, 43, N'????', N'2019-06-26 17:48:27')
INSERT INTO [dbo].[Comments] ([Id], [EmployeeId], [AdvertisementId], [Comment], [Time]) VALUES (47, 4, 43, N'hey', N'2019-06-26 18:06:50')
INSERT INTO [dbo].[Comments] ([Id], [EmployeeId], [AdvertisementId], [Comment], [Time]) VALUES (48, 4, 43, N'Hello', N'2019-06-27 11:30:47')
INSERT INTO [dbo].[Comments] ([Id], [EmployeeId], [AdvertisementId], [Comment], [Time]) VALUES (49, 4, 43, N'hchc', N'2019-06-27 11:31:53')
INSERT INTO [dbo].[Comments] ([Id], [EmployeeId], [AdvertisementId], [Comment], [Time]) VALUES (50, 4, 43, N'Testing', N'2019-06-27 12:19:39')
INSERT INTO [dbo].[Comments] ([Id], [EmployeeId], [AdvertisementId], [Comment], [Time]) VALUES (51, 4, 43, N'gsjdh', N'2019-06-27 12:20:43')
INSERT INTO [dbo].[Comments] ([Id], [EmployeeId], [AdvertisementId], [Comment], [Time]) VALUES (52, 4, 46, N'??', N'2019-06-27 13:27:58')
INSERT INTO [dbo].[Comments] ([Id], [EmployeeId], [AdvertisementId], [Comment], [Time]) VALUES (53, 4, 29, N'hey', N'2019-06-28 15:35:35')
INSERT INTO [dbo].[Comments] ([Id], [EmployeeId], [AdvertisementId], [Comment], [Time]) VALUES (54, 4, 42, N'hshshs', N'2019-06-29 11:21:44')
INSERT INTO [dbo].[Comments] ([Id], [EmployeeId], [AdvertisementId], [Comment], [Time]) VALUES (55, 4, 29, N'Is it working fine', N'2019-06-29 12:07:34')
INSERT INTO [dbo].[Comments] ([Id], [EmployeeId], [AdvertisementId], [Comment], [Time]) VALUES (56, 4, 29, N'offer', N'2019-06-29 20:43:53')
SET IDENTITY_INSERT [dbo].[Comments] OFF

SET IDENTITY_INSERT [dbo].[Inbox] ON
INSERT INTO [dbo].[Inbox] ([Id], [FromId], [ToId], [AdvertisementId], [Message], [Time]) VALUES (3, 5, 4, 31, N'Message1', N'2019-06-25 19:51:06')
INSERT INTO [dbo].[Inbox] ([Id], [FromId], [ToId], [AdvertisementId], [Message], [Time]) VALUES (4, 4, 5, 31, N'Reply for Message1', N'2019-06-25 19:57:11')
INSERT INTO [dbo].[Inbox] ([Id], [FromId], [ToId], [AdvertisementId], [Message], [Time]) VALUES (5, 6, 4, 31, N'Message2', N'2019-06-25 19:57:11')
INSERT INTO [dbo].[Inbox] ([Id], [FromId], [ToId], [AdvertisementId], [Message], [Time]) VALUES (6, 4, 6, 31, N'Reply for Message2', N'2019-06-25 20:03:46')
INSERT INTO [dbo].[Inbox] ([Id], [FromId], [ToId], [AdvertisementId], [Message], [Time]) VALUES (7, 5, 4, 29, N'I wanted to buy this phone.', N'2019-06-25 20:03:46')
INSERT INTO [dbo].[Inbox] ([Id], [FromId], [ToId], [AdvertisementId], [Message], [Time]) VALUES (8, 5, 4, 29, N'So I need some more info about it.', N'2019-06-29 18:44:30')
INSERT INTO [dbo].[Inbox] ([Id], [FromId], [ToId], [AdvertisementId], [Message], [Time]) VALUES (9, 4, 5, 29, N'Exactly What info do you want', N'2019-06-29 18:45:26')
INSERT INTO [dbo].[Inbox] ([Id], [FromId], [ToId], [AdvertisementId], [Message], [Time]) VALUES (10, 5, 4, 29, N'about Features', N'2019-06-29 19:06:05')
INSERT INTO [dbo].[Inbox] ([Id], [FromId], [ToId], [AdvertisementId], [Message], [Time]) VALUES (11, 6, 4, 29, N'I wanted to buy this phone.', N'2019-07-01 15:13:15')
INSERT INTO [dbo].[Inbox] ([Id], [FromId], [ToId], [AdvertisementId], [Message], [Time]) VALUES (12, 4, 5, 29, N'once contact me', N'2019-07-01 15:41:17')
INSERT INTO [dbo].[Inbox] ([Id], [FromId], [ToId], [AdvertisementId], [Message], [Time]) VALUES (13, 4, 6, 29, N'you can', N'2019-07-01 15:43:41')
INSERT INTO [dbo].[Inbox] ([Id], [FromId], [ToId], [AdvertisementId], [Message], [Time]) VALUES (14, 4, 6, 29, N'if you need any information you can contact me', N'2019-07-01 15:48:36')
INSERT INTO [dbo].[Inbox] ([Id], [FromId], [ToId], [AdvertisementId], [Message], [Time]) VALUES (15, 4, 6, 29, N'okay', N'2019-07-01 15:48:58')
INSERT INTO [dbo].[Inbox] ([Id], [FromId], [ToId], [AdvertisementId], [Message], [Time]) VALUES (16, 4, 5, 29, N'checking', N'2019-07-01 20:13:45')
INSERT INTO [dbo].[Inbox] ([Id], [FromId], [ToId], [AdvertisementId], [Message], [Time]) VALUES (17, 4, 5, 29, N'checking', N'2019-07-01 20:14:21')
INSERT INTO [dbo].[Inbox] ([Id], [FromId], [ToId], [AdvertisementId], [Message], [Time]) VALUES (18, 4, 5, 29, N'again', N'2019-07-01 20:14:28')
INSERT INTO [dbo].[Inbox] ([Id], [FromId], [ToId], [AdvertisementId], [Message], [Time]) VALUES (19, 4, 5, 29, N'again', N'2019-07-01 20:14:42')
INSERT INTO [dbo].[Inbox] ([Id], [FromId], [ToId], [AdvertisementId], [Message], [Time]) VALUES (20, 4, 5, 29, N'again', N'2019-07-01 20:18:47')
INSERT INTO [dbo].[Inbox] ([Id], [FromId], [ToId], [AdvertisementId], [Message], [Time]) VALUES (21, 4, 5, 29, N'recheck', N'2019-07-01 20:19:07')
INSERT INTO [dbo].[Inbox] ([Id], [FromId], [ToId], [AdvertisementId], [Message], [Time]) VALUES (22, 4, 5, 29, N'Rechecking', N'2019-07-01 20:29:28')
SET IDENTITY_INSERT [dbo].[Inbox] OFF

SET IDENTITY_INSERT [dbo].[Offer] ON
INSERT INTO [dbo].[Offer] ([Id], [EmployeeId], [AdvertisementId], [OfferedPrice], [Time]) VALUES (14, 5, 31, 45, N'2019-06-25 19:50:23')
INSERT INTO [dbo].[Offer] ([Id], [EmployeeId], [AdvertisementId], [OfferedPrice], [Time]) VALUES (15, 6, 31, 47, N'2019-06-25 19:51:06')
INSERT INTO [dbo].[Offer] ([Id], [EmployeeId], [AdvertisementId], [OfferedPrice], [Time]) VALUES (16, 5, 29, 123450, N'2019-06-25 19:50:23')
INSERT INTO [dbo].[Offer] ([Id], [EmployeeId], [AdvertisementId], [OfferedPrice], [Time]) VALUES (17, 6, 29, 123456, N'2019-06-27 12:16:35')
SET IDENTITY_INSERT [dbo].[Offer] OFF

SET IDENTITY_INSERT [dbo].[Report] ON
INSERT INTO [dbo].[Report] ([Id], [EmployeeId], [AdvertisementId], [Category], [Description], [IsApproved], [Time], [IsDeleted]) VALUES (1, 1, 29, N'Spam', N'this is reason', 0, N'2019-06-27 12:16:35', 1)
INSERT INTO [dbo].[Report] ([Id], [EmployeeId], [AdvertisementId], [Category], [Description], [IsApproved], [Time], [IsDeleted]) VALUES (20, 1, 33, N'Spam', N'reason', 1, N'2019-06-27 12:16:35', 0)
INSERT INTO [dbo].[Report] ([Id], [EmployeeId], [AdvertisementId], [Category], [Description], [IsApproved], [Time], [IsDeleted]) VALUES (21, 4, 29, N'Other', N'Hsbzjzbxb', 0, N'2019-06-29 20:45:34', 1)
SET IDENTITY_INSERT [dbo].[Report] OFF

SET IDENTITY_INSERT [dbo].[Viewers] ON
INSERT INTO [dbo].[Viewers] ([Id], [EmployeeId], [AdvertisementId]) VALUES (10, 3, 29)
SET IDENTITY_INSERT [dbo].[Viewers] OFF